frame_index,color_frame_number,timestamp_ms,domain
0,2,1788155491427.9507,system_time
1,3,1788155491444.8423,system_time
2,4,1788155491461.4307,system_time
3,5,1788155491478.2542,system_time
4,6,1788155491495.151,system_time
5,7,1788155491511.8303,system_time
6,8,1788155491528.7065,system_time
7,9,1788155491545.391,system_time
8,10,1788155491562.2354,system_time
9,11,1788155491579.0198,system_time
10,12,1788155491595.826,system_time
11,13,1788155491612.7664,system_time
12,14,1788155491629.462,system_time
13,15,1788155491646.2942,system_time
14,16,1788155491663.0505,system_time
15,17,1788155491679.8118,system_time
16,18,1788155491696.6345,system_time
17,19,1788155491713.5583,system_time
18,20,1788155491730.38,system_time
19,21,1788155491747.1423,system_time
20,22,1788155491763.878,system_time
21,23,1788155491780.775,system_time
22,24,1788155491797.4849,system_time
23,25,1788155491814.274,system_time
24,26,1788155491831.0989,system_time
25,27,1788155491848.0264,system_time
26,28,1788155491864.8643,system_time
27,29,1788155491881.533,system_time
28,29,1788155491881.533,system_time
29,30,1788155491900.144,system_time
30,31,1788155491915.243,system_time
31,32,1788155491932.0718,system_time
32,33,1788155491948.746,system_time
33,34,1788155491965.6218,system_time
34,35,1788155491982.4604,system_time
35,36,1788155491999.0688,system_time
36,37,1788155492015.8384,system_time
37,38,1788155492032.6572,system_time
38,39,1788155492049.4348,system_time
39,40,1788155492066.261,system_time
40,41,1788155492083.0923,system_time
41,42,1788155492099.8835,system_time
42,43,1788155492116.674,system_time
43,44,1788155492133.4683,system_time
44,45,1788155492150.2996,system_time
45,46,1788155492167.1172,system_time
46,47,1788155492183.89,system_time
47,48,1788155492200.6873,system_time
48,49,1788155492217.463,system_time
49,50,1788155492234.203,system_time
50,51,1788155492251.0303,system_time
51,52,1788155492267.756,system_time
52,53,1788155492284.5496,system_time
53,54,1788155492301.4329,system_time
54,55,1788155492318.14,system_time
55,56,1788155492335.027,system_time
56,57,1788155492351.868,system_time
57,58,1788155492368.7305,system_time
58,59,1788155492385.476,system_time
59,60,1788155492402.088,system_time
60,61,1788155492418.888,system_time
61,62,1788155492435.693,system_time
62,63,1788155492452.4844,system_time
63,64,1788155492469.387,system_time
64,65,1788155492486.0708,system_time
65,66,1788155492502.8628,system_time
66,67,1788155492519.6975,system_time
67,68,1788155492536.476,system_time
68,69,1788155492553.4712,system_time
69,70,1788155492570.1628,system_time
70,71,1788155492586.9055,system_time
71,72,1788155492603.765,system_time
72,73,1788155492620.5532,system_time
73,74,1788155492637.4543,system_time
74,75,1788155492654.1165,system_time
75,76,1788155492670.9568,system_time
76,77,1788155492687.7295,system_time
77,78,1788155492704.5945,system_time
78,79,1788155492721.2996,system_time
79,80,1788155492738.1555,system_time
80,81,1788155492754.9575,system_time
81,82,1788155492771.671,system_time
82,83,1788155492788.5076,system_time
83,84,1788155492805.375,system_time
84,85,1788155492822.077,system_time
85,86,1788155492839.0986,system_time
86,87,1788155492855.7651,system_time
87,88,1788155492872.5183,system_time
88,89,1788155492889.3835,system_time
89,90,1788155492906.093,system_time
90,91,1788155492923.0454,system_time
91,92,1788155492939.9092,system_time
92,93,1788155492956.4622,system_time
93,94,1788155492973.285,system_time
94,95,1788155492990.243,system_time
95,96,1788155493006.8418,system_time
96,97,1788155493023.7332,system_time
97,98,1788155493040.566,system_time
98,99,1788155493057.2273,system_time
99,100,1788155493074.0571,system_time
100,101,1788155493091.027,system_time
101,102,1788155493107.683,system_time
102,103,1788155493124.6252,system_time
103,104,1788155493141.3547,system_time
104,105,1788155493158.1484,system_time
105,106,1788155493174.9116,system_time
106,107,1788155493191.8428,system_time
107,108,1788155493208.511,system_time
108,109,1788155493225.2856,system_time
109,110,1788155493242.0469,system_time
110,111,1788155493258.8755,system_time
111,112,1788155493275.6506,system_time
112,113,1788155493292.473,system_time
113,114,1788155493309.3525,system_time
114,115,1788155493326.1743,system_time
115,116,1788155493342.8633,system_time
116,117,1788155493359.6267,system_time
117,118,1788155493376.474,system_time
118,119,1788155493393.3213,system_time
119,120,1788155493410.0916,system_time
120,121,1788155493426.901,system_time
121,122,1788155493443.7876,system_time
122,123,1788155493460.5605,system_time
123,124,1788155493477.236,system_time
124,125,1788155493494.1,system_time
125,126,1788155493510.9111,system_time
126,127,1788155493527.6848,system_time
127,128,1788155493544.4668,system_time
128,129,1788155493561.2588,system_time
129,130,1788155493578.0767,system_time
130,131,1788155493594.8464,system_time
131,132,1788155493611.7036,system_time
132,133,1788155493628.5107,system_time
133,134,1788155493645.3533,system_time
134,135,1788155493662.054,system_time
135,136,1788155493678.8547,system_time
136,137,1788155493695.8442,system_time
137,138,1788155493712.4805,system_time
138,139,1788155493729.2676,system_time
139,140,1788155493746.0325,system_time
140,141,1788155493762.888,system_time
141,142,1788155493779.758,system_time
142,143,1788155493796.4392,system_time
143,144,1788155493813.1882,system_time
144,145,1788155493830.0532,system_time
145,146,1788155493847.1472,system_time
146,146,1788155493847.1472,system_time
147,147,1788155493863.639,system_time
148,148,1788155493880.467,system_time
149,149,1788155493897.3203,system_time
150,150,1788155493914.1052,system_time
151,151,1788155493930.84,system_time
152,152,1788155493947.6685,system_time
153,153,1788155493964.5454,system_time
154,154,1788155493981.2869,system_time
155,155,1788155493998.0125,system_time
156,156,1788155494015.006,system_time
157,157,1788155494031.7366,system_time
158,158,1788155494048.416,system_time
159,159,1788155494065.2231,system_time
160,160,1788155494082.1165,system_time
161,161,1788155494098.9087,system_time
162,162,1788155494115.764,system_time
163,163,1788155494132.543,system_time
164,164,1788155494149.2595,system_time
165,165,1788155494166.0237,system_time
166,166,1788155494182.88,system_time
167,167,1788155494199.6687,system_time
168,168,1788155494216.5835,system_time
169,169,1788155494233.2683,system_time
170,170,1788155494250.0696,system_time
171,171,1788155494266.8396,system_time
172,172,1788155494283.6294,system_time
173,173,1788155494300.5273,system_time
174,174,1788155494317.2087,system_time
175,175,1788155494334.0776,system_time
176,176,1788155494350.787,system_time
177,177,1788155494367.6968,system_time
178,178,1788155494384.4592,system_time
179,179,1788155494401.2024,system_time
180,180,1788155494418.0996,system_time
181,181,1788155494434.8188,system_time
182,182,1788155494451.6577,system_time
183,183,1788155494468.4587,system_time
184,184,1788155494485.213,system_time
185,185,1788155494501.982,system_time
186,186,1788155494518.806,system_time
187,187,1788155494535.548,system_time
188,188,1788155494552.526,system_time
189,189,1788155494569.1565,system_time
190,190,1788155494586.0984,system_time
191,191,1788155494602.8276,system_time
192,192,1788155494619.6497,system_time
193,193,1788155494636.4023,system_time
194,194,1788155494653.2769,system_time
195,195,1788155494669.9744,system_time
196,196,1788155494686.8252,system_time
197,197,1788155494703.6736,system_time
198,198,1788155494720.349,system_time
199,199,1788155494737.1968,system_time
200,200,1788155494754.0083,system_time
201,201,1788155494770.8025,system_time
202,202,1788155494787.6533,system_time
203,203,1788155494804.3667,system_time
204,204,1788155494821.1565,system_time
205,205,1788155494838.3315,system_time
206,205,1788155494838.3315,system_time
207,206,1788155494854.8,system_time
208,207,1788155494871.6636,system_time
209,208,1788155494888.3591,system_time
210,209,1788155494905.205,system_time
211,210,1788155494921.9426,system_time
212,211,1788155494938.8203,system_time
213,212,1788155494955.6528,system_time
214,213,1788155494972.4817,system_time
215,214,1788155494989.1433,system_time
216,215,1788155495006.0305,system_time
217,216,1788155495022.8433,system_time
218,217,1788155495039.544,system_time
219,218,1788155495056.336,system_time
220,219,1788155495073.1272,system_time
221,220,1788155495089.9722,system_time
222,221,1788155495106.7708,system_time
223,222,1788155495123.5508,system_time
224,223,1788155495140.442,system_time
225,224,1788155495157.1208,system_time
226,225,1788155495174.0488,system_time
227,226,1788155495190.722,system_time
228,227,1788155495207.59,system_time
229,228,1788155495224.381,system_time
230,229,1788155495241.1223,system_time
231,230,1788155495258.0486,system_time
232,231,1788155495274.742,system_time
233,232,1788155495291.6562,system_time
234,233,1788155495308.3333,system_time
235,234,1788155495325.2107,system_time
236,235,1788155495342.1782,system_time
237,236,1788155495358.8738,system_time
238,237,1788155495375.4883,system_time
239,238,1788155495392.3037,system_time
240,239,1788155495409.14,system_time
241,240,1788155495426.0176,system_time
242,241,1788155495442.8557,system_time
243,242,1788155495459.4963,system_time
244,243,1788155495476.3372,system_time
245,244,1788155495493.2932,system_time
246,245,1788155495509.93,system_time
247,246,1788155495526.7048,system_time
248,247,1788155495543.604,system_time
249,248,1788155495560.319,system_time
250,249,1788155495577.0833,system_time
251,250,1788155495593.8933,system_time
252,251,1788155495610.7175,system_time
253,252,1788155495627.582,system_time
254,253,1788155495644.29,system_time
255,254,1788155495661.1985,system_time
256,255,1788155495677.8804,system_time
257,256,1788155495694.8647,system_time
258,257,1788155495711.4988,system_time
259,258,1788155495728.4033,system_time
260,259,1788155495745.1267,system_time
261,260,1788155495761.9968,system_time
262,261,1788155495778.6965,system_time
263,262,1788155495795.517,system_time
264,263,1788155495812.304,system_time
265,264,1788155495829.1848,system_time
266,265,1788155495845.8867,system_time
267,266,1788155495862.7004,system_time
268,267,1788155495879.462,system_time
269,268,1788155495896.2756,system_time
270,269,1788155495913.078,system_time
271,270,1788155495929.8796,system_time
272,271,1788155495946.6853,system_time
273,272,1788155495963.4868,system_time
274,273,1788155495980.5305,system_time
275,274,1788155495997.218,system_time
276,275,1788155496013.88,system_time
277,276,1788155496030.8555,system_time
278,277,1788155496047.5625,system_time
